Original Row Index,treat,debt,lopen,lrer,bndvol,gdpgvol,pivol,spreadvol,Original Row Number (1-based data row),Reasons
41,1,114.2,68.0,104.1,0.4,1.0,0.4,0.0,42,"debt=114.2 outside [-14.874, 102.949]"
45,1,34.9,83.2,102.4,0.3,6.9,2.0,2.1,46,"gdpgvol=6.9 outside [-1.454, 5.129]"
46,1,47.1,86.5,104.6,0.6,6.0,2.0,1.8,47,"gdpgvol=6.0 outside [-1.454, 5.129]"
47,1,44.9,70.5,105.7,0.4,6.4,1.7,1.0,48,"gdpgvol=6.4 outside [-1.454, 5.129]"
57,0,114.2,54.3,93.5,0.4,0.6,0.2,0.6,58,"debt=114.2 outside [-14.874, 102.949]"
83,1,47.9,70.7,105.1,0.3,5.5,0.9,1.0,84,"gdpgvol=5.5 outside [-1.454, 5.129]"
98,1,27.0,149.9,101.7,0.4,5.4,0.5,0.4,99,"gdpgvol=5.4 outside [-1.454, 5.129]"
99,1,26.9,153.2,107.5,0.5,4.8,5.2,1.3,100,"pivol=5.2 outside [-1.008, 2.998]"
100,1,46.8,159.7,112.5,0.6,3.8,4.3,1.1,101,"pivol=4.3 outside [-1.008, 2.998]"
101,1,66.9,173.4,107.2,2.4,3.4,3.6,3.7,102,"bndvol=2.4 outside [-0.634, 2.017] | pivol=3.6 outside [-1.008, 2.998] | spreadvol=3.7 outside [-0.676, 2.486]"
102,1,83.2,190.1,100.0,2.1,1.6,1.8,2.7,103,"bndvol=2.1 outside [-0.634, 2.017] | spreadvol=2.7 outside [-0.676, 2.486]"
103,1,110.5,186.3,100.1,2.9,1.1,1.0,2.0,104,"debt=110.5 outside [-14.874, 102.949] | bndvol=2.9 outside [-0.634, 2.017]"
104,1,129.8,196.4,95.4,1.9,5.0,0.8,0.8,105,"debt=129.8 outside [-14.874, 102.949]"
105,1,132.4,193.4,97.4,1.3,12.9,0.4,0.1,106,"debt=132.4 outside [-14.874, 102.949] | gdpgvol=12.9 outside [-1.454, 5.129]"
106,1,122.7,209.7,96.2,0.8,10.3,0.2,0.1,107,"debt=122.7 outside [-14.874, 102.949] | gdpgvol=10.3 outside [-1.454, 5.129]"
107,1,91.8,216.2,88.6,0.8,10.3,0.2,0.1,108,"lopen=216.2 outside [-13.258, 215.310] | gdpgvol=10.3 outside [-1.454, 5.129]"
120,1,114.7,52.3,100.0,0.8,2.3,0.8,1.9,121,"debt=114.7 outside [-14.874, 102.949]"
121,1,108.3,55.6,100.0,0.7,1.7,1.0,0.4,122,"debt=108.3 outside [-14.874, 102.949]"
122,1,127.0,56.2,98.2,1.3,1.5,1.4,0.2,123,"debt=127.0 outside [-14.874, 102.949]"
123,1,134.8,55.5,99.9,1.3,1.3,0.6,0.2,124,"debt=134.8 outside [-14.874, 102.949]"
126,1,30.5,241.7,94.2,0.5,2.6,0.3,1.1,127,"lopen=241.7 outside [-13.258, 215.310]"
127,1,30.5,241.7,94.2,0.5,2.6,0.3,1.1,128,"lopen=241.7 outside [-13.258, 215.310]"
128,1,5.0,269.2,92.3,0.4,3.1,0.5,0.9,129,"lopen=269.2 outside [-13.258, 215.310]"
129,1,4.7,274.5,92.7,0.8,1.6,0.3,0.5,130,"lopen=274.5 outside [-13.258, 215.310]"
130,1,4.6,259.9,93.9,1.0,1.6,0.1,0.6,131,"lopen=259.9 outside [-13.258, 215.310]"
131,1,3.8,256.4,97.2,0.5,1.5,0.2,0.3,132,"lopen=256.4 outside [-13.258, 215.310]"
132,1,4.0,281.6,98.4,0.4,1.0,0.2,0.5,133,"lopen=281.6 outside [-13.258, 215.310]"
133,1,3.7,297.6,98.2,1.0,2.6,0.2,0.4,134,"lopen=297.6 outside [-13.258, 215.310]"
134,1,4.4,320.9,98.8,0.7,4.7,0.5,0.3,135,"lopen=320.9 outside [-13.258, 215.310]"
135,1,4.7,336.3,99.7,0.2,7.0,1.5,2.0,136,"lopen=336.3 outside [-13.258, 215.310] | gdpgvol=7.0 outside [-1.454, 5.129]"
136,0,12.3,348.4,101.6,0.7,5.6,1.5,1.8,137,"lopen=348.4 outside [-13.258, 215.310] | gdpgvol=5.6 outside [-1.454, 5.129]"
137,0,13.2,303.0,102.6,0.7,5.7,1.5,0.8,138,"lopen=303.0 outside [-13.258, 215.310] | gdpgvol=5.7 outside [-1.454, 5.129]"
138,0,18.0,318.8,100.0,0.8,2.9,0.6,0.6,139,"lopen=318.8 outside [-13.258, 215.310]"
139,0,17.4,325.1,100.8,0.6,2.1,0.8,0.7,140,"lopen=325.1 outside [-13.258, 215.310]"
140,0,30.1,343.0,98.6,0.3,2.6,1.0,1.0,141,"lopen=343.0 outside [-13.258, 215.310]"
141,0,30.1,352.9,100.7,0.8,0.6,0.7,0.5,142,"lopen=352.9 outside [-13.258, 215.310]"
142,0,31.8,385.4,100.3,0.6,1.3,0.2,0.3,143,"lopen=385.4 outside [-13.258, 215.310]"
143,0,31.1,438.2,96.6,0.6,1.3,0.2,0.3,144,"lopen=438.2 outside [-13.258, 215.310]"
173,1,58.5,61.1,102.2,3.2,2.5,2.2,4.5,174,"bndvol=3.2 outside [-0.634, 2.017] | spreadvol=4.5 outside [-0.676, 2.486]"
174,1,100.2,67.3,100.0,2.9,3.0,1.1,4.0,175,"bndvol=2.9 outside [-0.634, 2.017] | spreadvol=4.0 outside [-0.676, 2.486]"
175,1,102.4,72.9,100.9,2.4,1.5,1.7,1.6,176,"bndvol=2.4 outside [-0.634, 2.017]"
176,1,133.9,75.9,99.5,3.4,2.5,1.6,2.3,177,"debt=133.9 outside [-14.874, 102.949] | bndvol=3.4 outside [-0.634, 2.017]"
177,1,138.0,78.0,99.6,2.0,1.4,0.4,0.8,178,"debt=138.0 outside [-14.874, 102.949]"
178,1,127.0,80.0,98.5,0.7,0.7,0.5,0.6,179,"debt=127.0 outside [-14.874, 102.949]"
196,1,111.7,62.9,98.8,0.7,1.4,0.2,0.2,197,"debt=111.7 outside [-14.874, 102.949]"
197,1,104.8,63.9,94.1,0.7,1.4,0.2,0.2,198,"debt=104.8 outside [-14.874, 102.949]"
198,0,7.0,91.0,67.1,1.8,5.9,1.6,3.1,199,"lrer=67.1 outside [76.686, 119.319] | gdpgvol=5.9 outside [-1.454, 5.129] | spreadvol=3.1 outside [-0.676, 2.486]"
199,0,7.0,91.0,67.1,1.8,5.9,1.6,3.1,200,"lrer=67.1 outside [76.686, 119.319] | gdpgvol=5.9 outside [-1.454, 5.129] | spreadvol=3.1 outside [-0.676, 2.486]"
200,0,25.3,78.3,69.1,0.4,0.9,2.1,1.0,201,"lrer=69.1 outside [76.686, 119.319]"
201,0,48.5,79.4,72.4,0.2,0.9,2.6,0.8,202,"lrer=72.4 outside [76.686, 119.319]"
202,0,19.3,75.5,75.7,0.7,0.7,2.2,0.5,203,"lrer=75.7 outside [76.686, 119.319]"
207,0,17.5,122.6,91.3,1.4,6.4,4.5,0.5,208,"gdpgvol=6.4 outside [-1.454, 5.129] | pivol=4.5 outside [-1.008, 2.998]"
208,0,43.1,124.3,99.8,0.9,4.9,5.2,0.6,209,"pivol=5.2 outside [-1.008, 2.998]"
223,0,114.2,84.7,94.4,0.7,0.5,0.2,1.1,224,"debt=114.2 outside [-14.874, 102.949]"
224,0,17.5,86.1,96.3,2.2,1.7,1.7,1.6,225,"bndvol=2.2 outside [-0.634, 2.017]"
225,0,7.0,85.3,97.0,2.1,6.5,1.9,1.6,226,"bndvol=2.1 outside [-0.634, 2.017] | gdpgvol=6.5 outside [-1.454, 5.129]"
226,0,28.1,85.0,101.5,2.0,4.8,2.5,2.6,227,"spreadvol=2.6 outside [-0.676, 2.486]"
227,0,20.9,72.8,102.6,2.2,3.8,0.7,1.2,228,"bndvol=2.2 outside [-0.634, 2.017]"
231,0,42.7,85.6,97.4,1.4,1.4,1.5,2.7,232,"spreadvol=2.7 outside [-0.676, 2.486]"
234,0,10.9,86.5,64.7,1.3,1.4,0.4,2.3,235,"lrer=64.7 outside [76.686, 119.319]"
235,0,10.9,86.5,64.7,1.3,1.4,0.4,2.3,236,"lrer=64.7 outside [76.686, 119.319]"
236,0,12.6,98.5,65.7,1.6,1.3,1.5,0.3,237,"lrer=65.7 outside [76.686, 119.319]"
237,0,14.2,99.5,69.8,0.6,1.0,2.3,0.7,238,"lrer=69.8 outside [76.686, 119.319]"
239,0,17.5,95.3,76.3,0.6,1.4,1.4,0.4,240,"lrer=76.3 outside [76.686, 119.319]"
243,1,23.1,130.7,88.9,0.3,5.4,2.6,2.1,244,"gdpgvol=5.4 outside [-1.454, 5.129]"
258,1,114.2,82.3,99.0,0.5,0.8,0.4,0.0,259,"debt=114.2 outside [-14.874, 102.949]"
270,1,36.3,113.9,70.5,1.0,0.5,0.3,1.8,271,"lrer=70.5 outside [76.686, 119.319]"
271,1,36.3,113.9,70.5,1.0,0.5,0.3,1.8,272,"lrer=70.5 outside [76.686, 119.319]"
272,1,61.0,137.3,70.9,0.9,0.4,2.3,1.9,273,"lrer=70.9 outside [76.686, 119.319]"
273,1,59.3,131.0,76.5,0.6,0.4,2.3,0.3,274,"lrer=76.5 outside [76.686, 119.319]"
288,0,39.6,54.0,81.1,2.9,1.9,2.4,1.9,289,"bndvol=2.9 outside [-0.634, 2.017]"
289,0,39.6,54.0,81.1,2.9,1.9,2.4,1.9,290,"bndvol=2.9 outside [-0.634, 2.017]"
290,0,36.3,60.8,89.3,1.7,1.7,3.9,1.3,291,"pivol=3.9 outside [-1.008, 2.998]"
291,0,32.9,58.1,100.5,2.5,1.2,2.4,1.6,292,"bndvol=2.5 outside [-0.634, 2.017]"
306,0,97.5,59.9,71.6,5.0,3.0,4.6,4.9,307,"lrer=71.6 outside [76.686, 119.319] | bndvol=5.0 outside [-0.634, 2.017] | pivol=4.6 outside [-1.008, 2.998] | spreadvol=4.9 outside [-0.676, 2.486]"
307,0,97.5,59.9,71.6,5.0,3.0,4.6,4.9,308,"lrer=71.6 outside [76.686, 119.319] | bndvol=5.0 outside [-0.634, 2.017] | pivol=4.6 outside [-1.008, 2.998] | spreadvol=4.9 outside [-0.676, 2.486]"
308,0,48.3,70.7,80.4,5.1,1.7,8.7,5.1,309,"bndvol=5.1 outside [-0.634, 2.017] | pivol=8.7 outside [-1.008, 2.998] | spreadvol=5.1 outside [-0.676, 2.486]"
309,0,43.1,73.5,81.6,5.3,0.2,7.8,4.5,310,"bndvol=5.3 outside [-0.634, 2.017] | pivol=7.8 outside [-1.008, 2.998] | spreadvol=4.5 outside [-0.676, 2.486]"
310,0,7.0,76.0,82.3,0.7,1.7,4.6,0.9,311,"pivol=4.6 outside [-1.008, 2.998]"
315,0,52.9,72.6,111.7,1.3,8.5,1.5,0.5,316,"gdpgvol=8.5 outside [-1.454, 5.129]"
316,0,42.7,67.1,106.1,1.3,7.8,1.1,1.0,317,"gdpgvol=7.8 outside [-1.454, 5.129]"
334,0,48.8,93.4,103.5,0.5,5.6,1.9,1.8,335,"gdpgvol=5.6 outside [-1.454, 5.129]"
335,0,23.0,83.1,93.4,0.3,5.7,1.7,1.0,336,"gdpgvol=5.7 outside [-1.454, 5.129]"
348,0,42.7,49.7,119.8,0.2,0.3,0.5,0.2,349,"lrer=119.8 outside [76.686, 119.319]"
349,0,44.5,52.1,119.5,0.3,0.3,0.2,0.3,350,"lrer=119.5 outside [76.686, 119.319]"
350,0,44.1,56.0,121.5,0.3,1.8,0.7,0.7,351,"lrer=121.5 outside [76.686, 119.319]"
351,0,45.1,52.3,125.7,0.7,3.4,0.8,2.5,352,"lrer=125.7 outside [76.686, 119.319] | spreadvol=2.5 outside [-0.676, 2.486]"
358,0,108.6,58.1,113.7,0.6,0.5,0.7,0.4,359,"debt=108.6 outside [-14.874, 102.949]"
359,0,107.6,56.9,121.8,0.6,0.5,0.7,0.4,360,"debt=107.6 outside [-14.874, 102.949] | lrer=121.8 outside [76.686, 119.319]"
360,0,59.5,69.8,130.0,0.6,0.4,0.7,1.0,361,"lrer=130.0 outside [76.686, 119.319]"
361,0,59.5,69.8,130.0,0.6,0.4,0.7,1.0,362,"lrer=130.0 outside [76.686, 119.319]"
362,0,58.8,71.8,133.3,0.1,2.3,0.7,1.2,363,"lrer=133.3 outside [76.686, 119.319]"
364,0,57.0,70.3,124.0,0.7,4.0,1.5,0.4,365,"lrer=124.0 outside [76.686, 119.319]"
365,0,55.0,69.0,131.8,0.4,2.9,0.9,0.4,366,"lrer=131.8 outside [76.686, 119.319]"
366,0,48.7,70.8,135.9,0.3,1.6,1.8,0.5,367,"lrer=135.9 outside [76.686, 119.319]"
367,0,38.5,73.1,152.8,0.6,2.2,1.3,0.1,368,"lrer=152.8 outside [76.686, 119.319]"
368,0,43.3,79.4,142.1,0.4,3.9,3.7,0.8,369,"lrer=142.1 outside [76.686, 119.319] | pivol=3.7 outside [-1.008, 2.998]"
369,0,41.2,75.9,149.9,0.4,8.1,3.9,2.1,370,"lrer=149.9 outside [76.686, 119.319] | gdpgvol=8.1 outside [-1.454, 5.129] | pivol=3.9 outside [-1.008, 2.998]"
370,0,79.1,84.7,117.8,0.5,4.3,3.7,1.5,371,"pivol=3.7 outside [-1.008, 2.998]"
371,0,99.0,90.4,95.2,0.7,4.5,4.0,0.7,372,"pivol=4.0 outside [-1.008, 2.998]"
372,0,105.7,97.1,100.0,0.6,3.0,0.7,0.6,373,"debt=105.7 outside [-14.874, 102.949]"
373,0,113.0,105.2,101.4,0.3,1.7,0.7,0.8,374,"debt=113.0 outside [-14.874, 102.949]"
374,0,112.3,108.0,101.0,0.5,1.7,1.5,1.6,375,"debt=112.3 outside [-14.874, 102.949]"
377,0,107.6,99.9,115.3,0.3,2.7,0.2,0.6,378,"debt=107.6 outside [-14.874, 102.949]"
387,0,44.9,73.2,97.7,0.8,2.3,1.5,2.6,388,"spreadvol=2.6 outside [-0.676, 2.486]"
