Attribute,Diff_Union Candidate
debt,0.6
debt,14.8
debt,85.4
lopen,107.3
lopen,155.9
lopen,172.5
lrer,79.6
lrer,110.7
lrer,113.3
bndvol,0.0
bndvol,0.1
bndvol,0.2
bndvol,0.3
bndvol,0.4
bndvol,0.5
bndvol,0.6
bndvol,0.7
bndvol,0.8
bndvol,0.9
bndvol,1.0
bndvol,1.1
bndvol,1.2
bndvol,1.3
bndvol,1.4
bndvol,1.5
bndvol,1.6
bndvol,1.7
gdpgvol,3.2
gdpgvol,4.0
gdpgvol,4.3
gdpgvol,4.6
pivol,0.0
pivol,0.1
pivol,0.2
pivol,0.3
pivol,0.4
pivol,0.5
pivol,0.6
pivol,0.7
pivol,0.8
pivol,0.9
pivol,1.0
pivol,1.1
pivol,1.2
pivol,1.3
pivol,1.4
pivol,1.5
pivol,1.6
pivol,1.7
pivol,1.8
pivol,1.9
pivol,2.0
pivol,2.1
pivol,2.2
pivol,2.3
pivol,2.4
pivol,2.8
spreadvol,0.0
spreadvol,0.1
spreadvol,0.2
spreadvol,0.3
spreadvol,0.4
spreadvol,0.5
spreadvol,0.6
spreadvol,0.7
spreadvol,0.8
spreadvol,0.9
spreadvol,1.0
spreadvol,1.1
spreadvol,1.2
spreadvol,1.3
spreadvol,1.4
spreadvol,1.5
spreadvol,1.6
spreadvol,1.7
spreadvol,1.8
spreadvol,1.9
spreadvol,2.0
spreadvol,2.1
spreadvol,2.2
spreadvol,2.3
