Attribute,Threshold,Left Partition Rule,Right Partition Rule,Left Count,Right Count,Left Entropy,Right Entropy,Weighted Entropy,Information Gain
debt,14.8,debt < 14.8,debt >= 14.8,47,262,0.9252253278054431,0.9957924961998326,0.9850589786770614,0.005666401413872979
debt,0.6,debt < 0.6,debt >= 0.6,2,307,0.0,0.9916490652105654,0.9852306246590407,0.005494755431893705
debt,85.4,debt < 85.4,debt >= 85.4,288,21,0.9921586617207419,0.9587118829771318,0.9898855796702053,0.0008398004207290644
lopen,155.9,lopen < 155.9,lopen >= 155.9,288,21,0.9982947549017601,0.0,0.9304494802967862,0.06027589979414816
lopen,107.3,lopen < 107.3,lopen >= 107.3,225,84,0.99998575111318,0.8783609387702276,0.9669226953306298,0.02380268476030456
lopen,172.5,lopen < 172.5,lopen >= 172.5,306,3,0.9920969273420591,0.0,0.9824649183387382,0.008260461752196191
lrer,110.7,lrer < 110.7,lrer >= 110.7,299,10,0.9876925088958034,0.8812908992306927,0.9842490911072885,0.006476288983645828
lrer,79.6,lrer < 79.6,lrer >= 79.6,3,306,0.9182958340544896,0.9899927915575186,0.9892967045914698,0.0014286754994645712
lrer,113.3,lrer < 113.3,lrer >= 113.3,302,7,0.9897253066981009,0.9852281360342515,0.9896234290455218,0.0011019510454125525
bndvol,1.7,bndvol < 1.7,bndvol >= 1.7,306,3,0.9888470278883957,0.0,0.979246571306955,0.011478808783979333
bndvol,1.3,bndvol < 1.3,bndvol >= 1.3,297,12,0.9862092732193208,0.8112781244591328,0.9794158305490223,0.0113095495419121
bndvol,1.1,bndvol < 1.1,bndvol >= 1.1,290,19,0.9848163724578239,0.8997437586982626,0.9795853703172683,0.011140009773666026
bndvol,0.8,bndvol < 0.8,bndvol >= 0.8,253,56,0.9790612526862965,0.9852281360342515,0.9801788755584179,0.010546504532516487
bndvol,1.0,bndvol < 1.0,bndvol >= 1.0,286,23,0.9843871271978375,0.9321115676166747,0.9804960661286894,0.010229313962244913
bndvol,1.2,bndvol < 1.2,bndvol >= 1.2,293,16,0.9858289117459469,0.8960382325345574,0.9811795561880756,0.009545823902858741
bndvol,0.9,bndvol < 0.9,bndvol >= 0.9,270,39,0.9824740868386409,0.97663491144401,0.9817371035364059,0.008988276554528496
bndvol,1.4,bndvol < 1.4,bndvol >= 1.4,298,11,0.9869640215316617,0.8453509366224364,0.9819227790268026,0.008802601064131776
bndvol,0.7,bndvol < 0.7,bndvol >= 0.7,235,74,0.9779300498520691,0.9952525494396791,0.982078480174021,0.008646899916913364
bndvol,1.5,bndvol < 1.5,bndvol >= 1.5,301,8,0.9878559812619768,0.8112781244591328,0.983284386263845,0.007440993827089404
bndvol,1.6,bndvol < 1.6,bndvol >= 1.6,302,7,0.9885488356869161,0.863120568566631,0.9857074186324113,0.005017961458523068
bndvol,0.4,bndvol < 0.4,bndvol >= 0.4,77,232,0.9998783322990061,0.9844513860347293,0.9882956412526882,0.0024297388382461538
bndvol,0.6,bndvol < 0.6,bndvol >= 0.6,193,116,0.983651723570958,0.9980692551690175,0.9890641302550192,0.0016612498359152017
bndvol,0.2,bndvol < 0.2,bndvol >= 0.2,8,301,0.954434002924965,0.9913121406649905,0.9903573668723685,0.00036801321856583247
bndvol,0.1,bndvol < 0.1,bndvol >= 0.1,3,306,0.9182958340544896,0.9910760598382222,0.9903694557043996,0.0003559243865347561
bndvol,0.5,bndvol < 0.5,bndvol >= 0.5,144,165,0.9931709253809187,0.9882836109919162,0.9905611943964998,0.00016418569443454878
bndvol,0.3,bndvol < 0.3,bndvol >= 0.3,34,275,0.9899927915575186,0.9908140079951208,0.9907236476104008,1.732480533589431e-06
bndvol,0.0,bndvol < 0.0,bndvol >= 0.0,0,309,0.0,0.9907253800909344,0.9907253800909344,0.0
gdpgvol,4.6,gdpgvol < 4.6,gdpgvol >= 4.6,307,2,0.9916490652105654,0.0,0.9852306246590407,0.005494755431893705
gdpgvol,4.0,gdpgvol < 4.0,gdpgvol >= 4.0,300,9,0.9927744539878083,0.7642045065086203,0.986117076876764,0.004608303214170384
gdpgvol,3.2,gdpgvol < 3.2,gdpgvol >= 3.2,286,23,0.9930749258497698,0.9321115676166747,0.9885372001560443,0.0021881799348900666
gdpgvol,4.3,gdpgvol < 4.3,gdpgvol >= 4.3,304,5,0.9909580057674299,0.9709505944546686,0.9906342612478058,9.11188431285126e-05
pivol,0.6,pivol < 0.6,pivol >= 0.6,123,186,0.9337044887280269,0.9999165959739289,0.9735603202741038,0.017165059816830586
pivol,0.7,pivol < 0.7,pivol >= 0.7,148,161,0.9466474387740497,0.9993041708285914,0.974083470685963,0.016641909404971345
pivol,0.5,pivol < 0.5,pivol >= 0.5,101,208,0.9215608652945444,0.9999333063390999,0.9743164243148278,0.01640895577610657
pivol,0.8,pivol < 0.8,pivol >= 0.8,173,136,0.9590965546738306,0.9985955373409131,0.9764812201842618,0.014244159906672604
pivol,1.0,pivol < 1.0,pivol >= 1.0,212,97,0.9687003436508602,0.9937811379408326,0.976573602699816,0.014151777391118392
pivol,0.9,pivol < 0.9,pivol >= 0.9,190,119,0.9677884628267678,0.9987261494308297,0.9797029764380408,0.011022403652893531
pivol,1.4,pivol < 1.4,pivol >= 1.4,263,46,0.9806303641223849,0.978070970973496,0.9802493541390552,0.010476025951879131
pivol,1.1,pivol < 1.1,pivol >= 1.1,234,75,0.97663491144401,0.993707106604508,0.9807786481334514,0.009946731957482968
pivol,1.2,pivol < 1.2,pivol >= 1.2,240,69,0.9777945702913884,0.992563136012236,0.981092405355267,0.009632974735667377
pivol,0.4,pivol < 0.4,pivol >= 0.4,83,226,0.9335289015212996,0.9985872364932769,0.981112020303393,0.009613359787541409
pivol,1.3,pivol < 1.3,pivol >= 1.3,253,56,0.9809722194585605,0.9917033083725818,0.9829170122714577,0.0078083678194766915
pivol,0.2,pivol < 0.2,pivol >= 0.2,23,286,0.9986359641585718,0.9885403823755425,0.9892918334467712,0.001433546644163175
pivol,1.5,pivol < 1.5,pivol >= 1.5,271,38,0.9879342083034177,1.0,0.9894180273470103,0.0013073527439240173
pivol,2.4,pivol < 2.4,pivol >= 2.4,304,5,0.9898603730990105,0.9709505944546686,0.989554389625801,0.0011709904651333591
pivol,2.3,pivol < 2.3,pivol >= 2.3,302,7,0.9897253066981009,0.9852281360342515,0.9896234290455218,0.0011019510454125525
pivol,2.1,pivol < 2.1,pivol >= 2.1,295,14,0.9898220559635811,1.0,0.9902831925865904,0.0004421875043439938
pivol,2.8,pivol < 2.8,pivol >= 2.8,306,3,0.9910760598382222,0.9182958340544896,0.9903694557043996,0.0003559243865347561
pivol,1.6,pivol < 1.6,pivol >= 1.6,277,32,0.9897376967344629,0.9971803988942642,0.9905084620066753,0.00021691808425905457
pivol,2.0,pivol < 2.0,pivol >= 2.0,292,17,0.990197829122259,0.9975025463691152,0.9905997067701442,0.00012567332079016502
pivol,1.7,pivol < 1.7,pivol >= 1.7,281,28,0.9912028977110626,0.9852281360342515,0.9906614953584714,6.38847324629932e-05
pivol,1.8,pivol < 1.8,pivol >= 1.8,285,24,0.9903070204513953,0.9949848281859701,0.9906703453239836,5.5034766950790015e-05
pivol,0.3,pivol < 0.3,pivol >= 0.3,53,256,0.987380023288353,0.9913533102170101,0.9906718079282761,5.3572162658221956e-05
pivol,0.1,pivol < 0.1,pivol >= 0.1,7,302,0.9852281360342515,0.9908375918145715,0.9907105167645319,1.4863326402436705e-05
pivol,2.2,pivol < 2.2,pivol >= 2.2,298,11,0.9905894286537543,0.9940302114769565,0.9907119160681724,1.3464022761922045e-05
pivol,1.9,pivol < 1.9,pivol >= 1.9,289,20,0.9905740652811171,0.9927744539878083,0.9907164852621327,8.894828801619958e-06
pivol,0.0,pivol < 0.0,pivol >= 0.0,0,309,0.0,0.9907253800909344,0.9907253800909344,0.0
spreadvol,0.1,spreadvol < 0.1,spreadvol >= 0.1,6,303,0.0,0.9933820990862128,0.9740931262884223,0.016632253802512098
spreadvol,2.3,spreadvol < 2.3,spreadvol >= 2.3,304,5,0.9886994082884974,0.7219280948873623,0.9843827203693852,0.0063426597215491265
spreadvol,0.2,spreadvol < 0.2,spreadvol >= 0.2,42,267,0.9402859586706311,0.9946406012199973,0.9872525915530931,0.003472788537841276
spreadvol,2.2,spreadvol < 2.2,spreadvol >= 2.2,301,8,0.9890726718194862,0.954434002924965,0.9881758778027996,0.002549502288134775
spreadvol,0.7,spreadvol < 0.7,spreadvol >= 0.7,162,147,0.997249632970471,0.9790346135729869,0.9885842353930271,0.0021411446979072712
spreadvol,1.3,spreadvol < 1.3,spreadvol >= 1.3,256,53,0.9872383624334873,0.999743186071085,0.9893832027337873,0.0013421773571470341
spreadvol,1.6,spreadvol < 1.6,spreadvol >= 1.6,273,36,0.9929326437363042,0.964078764808229,0.98957102677381,0.0011543533171243237
spreadvol,0.5,spreadvol < 0.5,spreadvol >= 0.5,103,206,0.9802595544773802,0.9944854624834631,0.9897434931481022,0.0009818869428321886
spreadvol,0.8,spreadvol < 0.8,spreadvol >= 0.8,179,130,0.9949285701646238,0.9828586897127056,0.9898506269324252,0.0008747531585091561
spreadvol,1.5,spreadvol < 1.5,spreadvol >= 1.5,269,40,0.9927205416521241,0.9709505944546686,0.9899024255100587,0.0008229545808756678
spreadvol,1.1,spreadvol < 1.1,spreadvol >= 1.1,221,88,0.9934769001710768,0.9816649485370994,0.9901129786701384,0.0006124014207959938
spreadvol,1.0,spreadvol < 1.0,spreadvol >= 1.0,199,110,0.9934142181800523,0.9846841570760805,0.990306429437538,0.00041895065339636606
spreadvol,2.1,spreadvol < 2.1,spreadvol >= 2.1,299,10,0.9900931772132135,1.0,0.9904137863648895,0.00031159372604483426
spreadvol,1.9,spreadvol < 1.9,spreadvol >= 1.9,286,23,0.9897812474673144,0.9986359641585718,0.9904403364119712,0.0002850436789632038
spreadvol,0.4,spreadvol < 0.4,spreadvol >= 0.4,79,230,0.9859690274511927,0.9921313139011727,0.9905558426081358,0.00016953748279857628
spreadvol,0.9,spreadvol < 0.9,spreadvol >= 0.9,190,119,0.9919924034538556,0.9885081741986363,0.9906505805367971,7.479955413725037e-05
spreadvol,1.4,spreadvol < 1.4,spreadvol >= 1.4,265,44,0.9913439663726641,0.9865446300055644,0.9906605657249218,6.481436601257773e-05
spreadvol,1.2,spreadvol < 1.2,spreadvol >= 1.2,235,74,0.9904567598072143,0.9915528503834039,0.9907192539905089,6.126100425496439e-06
spreadvol,2.0,spreadvol < 2.0,spreadvol >= 2.0,293,16,0.990830216765713,0.9886994082884974,0.9907198836406792,5.496450255160212e-06
spreadvol,1.8,spreadvol < 1.8,spreadvol >= 1.8,284,25,0.9908223710083026,0.9895875212220556,0.9907224640676677,2.9160232666303187e-06
spreadvol,0.6,spreadvol < 0.6,spreadvol >= 0.6,126,183,0.9910760598382222,0.9904799742690308,0.990723038287536,2.341803398309139e-06
spreadvol,0.3,spreadvol < 0.3,spreadvol >= 0.3,61,248,0.9904799742690308,0.9907852477937306,0.9907249834409582,3.966499761975939e-07
spreadvol,1.7,spreadvol < 1.7,spreadvol >= 1.7,282,27,0.9906914475805443,0.9910760598382222,0.9907250544768463,3.25614088025894e-07
spreadvol,0.0,spreadvol < 0.0,spreadvol >= 0.0,0,309,0.0,0.9907253800909344,0.9907253800909344,0.0
