Transaction ID,Items
1,"I2, I4, I5, I7, I9, I11, I13, I16"
2,"I2, I4, I5, I7, I9, I11, I13, I16"
3,"I2, I3, I5, I7, I9, I11, I13, I16"
4,"I2, I4, I5, I7, I9, I11, I14, I16"
5,"I2, I4, I5, I7, I9, I11, I13, I16"
6,"I1, I4, I5, I7, I9, I11, I13, I16"
7,"I1, I4, I5, I7, I9, I11, I13, I16"
8,"I1, I3, I5, I7, I9, I11, I13, I16"
9,"I1, I3, I5, I7, I9, I11, I14, I16"
10,"I1, I3, I5, I7, I9, I11, I14, I16"
11,"I1, I4, I5, I7, I9, I11, I14, I16"
12,"I1, I3, I5, I7, I9, I11, I14, I16"
13,"I1, I4, I5, I7, I9, I11, I14, I16"
14,"I1, I4, I5, I7, I9, I11, I14, I16"
15,"I1, I4, I5, I7, I9, I11, I13, I16"
16,"I2, I3, I5, I7, I9, I11, I13, I16"
17,"I2, I3, I5, I7, I9, I11, I13, I16"
18,"I2, I3, I5, I7, I9, I11, I13, I16"
19,"I2, I3, I5, I7, I9, I11, I13, I16"
20,"I2, I3, I5, I7, I9, I11, I13, I16"
21,"I2, I3, I5, I7, I9, I11, I14, I16"
22,"I2, I3, I5, I7, I9, I11, I13, I16"
23,"I2, I3, I5, I7, I9, I11, I14, I16"
24,"I2, I3, I5, I7, I9, I11, I14, I16"
25,"I2, I3, I5, I7, I9, I11, I14, I16"
26,"I2, I3, I5, I7, I9, I11, I14, I16"
27,"I2, I3, I6, I7, I9, I11, I14, I16"
28,"I2, I4, I6, I7, I9, I11, I13, I16"
29,"I2, I4, I6, I7, I9, I11, I14, I16"
30,"I2, I4, I6, I7, I9, I11, I14, I16"
31,"I2, I3, I5, I7, I9, I11, I13, I16"
32,"I2, I4, I5, I7, I9, I11, I14, I16"
33,"I2, I3, I5, I7, I9, I11, I14, I16"
34,"I2, I4, I5, I7, I9, I11, I14, I16"
35,"I2, I3, I5, I7, I9, I11, I14, I16"
36,"I2, I4, I5, I7, I9, I11, I14, I16"
37,"I2, I4, I5, I7, I9, I11, I14, I16"
38,"I2, I4, I5, I7, I9, I11, I14, I16"
39,"I2, I4, I5, I7, I9, I11, I14, I16"
40,"I2, I4, I5, I7, I9, I11, I14, I16"
41,"I2, I4, I5, I7, I9, I11, I14, I16"
42,"I2, I4, I5, I7, I9, I11, I14, I16"
43,"I2, I4, I5, I7, I9, I11, I14, I16"
44,"I2, I4, I5, I7, I9, I11, I13, I16"
45,"I2, I4, I5, I7, I9, I11, I13, I16"
46,"I1, I4, I5, I7, I9, I11, I13, I16"
47,"I1, I3, I5, I7, I9, I11, I13, I16"
48,"I1, I3, I5, I7, I9, I11, I13, I16"
49,"I1, I3, I5, I7, I9, I11, I13, I16"
50,"I1, I4, I5, I7, I9, I11, I13, I16"
51,"I1, I4, I5, I7, I9, I11, I14, I16"
52,"I2, I4, I5, I7, I9, I11, I14, I16"
53,"I2, I4, I5, I7, I9, I11, I14, I16"
54,"I2, I4, I5, I7, I9, I11, I14, I16"
55,"I2, I4, I5, I7, I9, I11, I13, I16"
56,"I2, I4, I5, I7, I9, I11, I14, I16"
57,"I2, I4, I5, I7, I9, I11, I13, I16"
58,"I2, I4, I5, I7, I9, I11, I13, I16"
59,"I2, I4, I5, I7, I9, I11, I13, I16"
60,"I2, I4, I5, I7, I9, I11, I13, I16"
61,"I2, I4, I5, I7, I9, I11, I13, I16"
62,"I2, I4, I5, I7, I9, I11, I13, I16"
63,"I2, I4, I5, I7, I9, I11, I13, I16"
64,"I2, I3, I5, I7, I9, I11, I13, I15"
65,"I2, I4, I5, I7, I9, I11, I13, I16"
66,"I2, I4, I5, I7, I9, I11, I13, I16"
67,"I2, I4, I5, I7, I9, I11, I13, I16"
68,"I2, I4, I5, I7, I9, I11, I13, I16"
69,"I2, I4, I5, I7, I9, I12, I14, I16"
70,"I2, I4, I5, I7, I9, I11, I13, I16"
71,"I2, I4, I5, I7, I9, I11, I13, I16"
72,"I2, I4, I5, I7, I9, I11, I13, I16"
73,"I2, I4, I5, I7, I9, I11, I14, I16"
74,"I2, I4, I5, I7, I9, I11, I13, I16"
75,"I2, I4, I5, I7, I9, I11, I13, I16"
76,"I2, I4, I6, I7, I9, I11, I13, I16"
77,"I2, I4, I6, I7, I9, I11, I13, I16"
78,"I2, I4, I6, I7, I9, I11, I13, I16"
79,"I2, I4, I6, I7, I9, I11, I14, I16"
80,"I2, I4, I6, I7, I9, I11, I14, I16"
81,"I2, I4, I5, I7, I9, I11, I14, I15"
82,"I2, I4, I5, I7, I9, I11, I14, I16"
83,"I2, I4, I5, I7, I9, I11, I14, I16"
84,"I2, I4, I5, I7, I9, I11, I13, I16"
85,"I2, I4, I5, I7, I9, I11, I13, I16"
86,"I2, I4, I5, I7, I9, I11, I13, I16"
87,"I2, I4, I5, I7, I9, I11, I13, I16"
88,"I2, I3, I5, I7, I9, I11, I13, I16"
89,"I2, I3, I5, I7, I9, I11, I13, I16"
90,"I2, I4, I5, I7, I9, I11, I13, I16"
91,"I2, I4, I5, I7, I9, I11, I14, I16"
92,"I2, I4, I5, I7, I9, I11, I14, I16"
93,"I2, I3, I5, I7, I9, I11, I14, I16"
94,"I2, I4, I5, I7, I9, I11, I13, I16"
95,"I1, I4, I5, I7, I9, I11, I14, I16"
96,"I1, I4, I5, I7, I9, I11, I14, I16"
97,"I1, I4, I5, I7, I9, I11, I14, I16"
98,"I1, I4, I5, I7, I9, I11, I14, I16"
99,"I1, I4, I5, I7, I9, I11, I14, I16"
100,"I1, I4, I5, I7, I9, I11, I13, I16"
101,"I1, I4, I5, I7, I9, I11, I13, I16"
102,"I1, I4, I5, I7, I9, I11, I13, I16"
103,"I1, I4, I5, I7, I9, I11, I14, I16"
104,"I2, I4, I5, I7, I9, I11, I14, I16"
105,"I2, I4, I5, I7, I9, I11, I14, I16"
106,"I2, I4, I5, I7, I9, I11, I14, I16"
107,"I2, I4, I5, I7, I9, I11, I13, I16"
108,"I2, I4, I5, I7, I9, I11, I14, I16"
109,"I2, I4, I5, I7, I9, I11, I14, I16"
110,"I2, I4, I5, I7, I9, I11, I13, I16"
111,"I2, I4, I5, I7, I9, I11, I13, I16"
112,"I2, I4, I5, I7, I9, I11, I14, I16"
113,"I2, I4, I5, I7, I9, I11, I14, I16"
114,"I2, I4, I5, I7, I9, I11, I14, I16"
115,"I2, I4, I5, I7, I9, I11, I14, I16"
116,"I2, I3, I5, I7, I9, I11, I14, I16"
117,"I2, I4, I5, I7, I9, I11, I13, I16"
118,"I2, I3, I5, I7, I9, I11, I13, I16"
119,"I2, I4, I5, I7, I9, I11, I14, I16"
120,"I2, I4, I5, I7, I9, I11, I14, I16"
121,"I1, I4, I5, I7, I9, I11, I13, I16"
122,"I1, I4, I5, I7, I9, I11, I13, I16"
123,"I1, I4, I5, I7, I9, I11, I13, I16"
124,"I1, I4, I5, I7, I9, I11, I13, I16"
125,"I1, I4, I5, I7, I9, I11, I13, I16"
126,"I1, I4, I5, I7, I9, I11, I13, I16"
127,"I2, I4, I5, I7, I9, I11, I14, I16"
128,"I2, I4, I5, I7, I9, I11, I14, I16"
129,"I2, I4, I5, I7, I9, I11, I14, I16"
130,"I2, I4, I5, I7, I9, I11, I14, I16"
131,"I2, I4, I5, I7, I9, I11, I14, I16"
132,"I2, I4, I5, I7, I9, I11, I14, I16"
133,"I1, I4, I5, I7, I9, I11, I14, I16"
134,"I1, I4, I5, I7, I9, I11, I14, I16"
135,"I1, I3, I5, I7, I9, I11, I14, I16"
136,"I1, I4, I5, I7, I9, I11, I14, I16"
137,"I1, I4, I5, I7, I9, I11, I14, I16"
138,"I1, I4, I5, I7, I9, I11, I14, I16"
139,"I1, I4, I5, I7, I9, I11, I14, I16"
140,"I1, I4, I5, I7, I9, I11, I14, I16"
141,"I1, I3, I5, I7, I9, I11, I14, I16"
142,"I1, I4, I5, I7, I9, I11, I14, I16"
143,"I1, I4, I5, I7, I9, I11, I13, I16"
144,"I1, I4, I5, I7, I9, I11, I13, I16"
145,"I1, I3, I5, I7, I9, I11, I14, I16"
146,"I1, I4, I5, I7, I9, I11, I14, I16"
147,"I1, I4, I5, I7, I10, I11, I13, I16"
148,"I1, I4, I5, I7, I10, I11, I14, I16"
149,"I1, I4, I5, I7, I9, I11, I14, I16"
150,"I1, I4, I5, I7, I9, I11, I14, I16"
151,"I1, I4, I5, I7, I9, I11, I14, I16"
152,"I1, I4, I5, I7, I9, I11, I14, I16"
153,"I1, I4, I5, I7, I9, I11, I13, I16"
154,"I1, I4, I5, I7, I9, I11, I13, I16"
155,"I1, I4, I5, I7, I9, I11, I14, I16"
156,"I2, I4, I5, I7, I9, I11, I13, I16"
157,"I2, I4, I5, I7, I9, I11, I13, I16"
158,"I2, I4, I5, I7, I9, I11, I14, I16"
159,"I2, I4, I5, I7, I9, I11, I14, I16"
160,"I2, I4, I5, I7, I9, I11, I13, I16"
161,"I2, I4, I5, I7, I9, I11, I14, I16"
162,"I2, I4, I5, I7, I9, I11, I14, I16"
163,"I2, I4, I5, I7, I9, I11, I14, I16"
164,"I2, I4, I5, I7, I9, I11, I14, I16"
165,"I2, I4, I6, I7, I9, I11, I13, I16"
166,"I2, I4, I5, I7, I9, I11, I13, I16"
167,"I2, I4, I5, I7, I9, I11, I13, I16"
168,"I2, I4, I5, I7, I9, I11, I13, I16"
169,"I2, I4, I5, I7, I9, I11, I13, I16"
170,"I2, I4, I5, I7, I9, I11, I14, I16"
171,"I2, I3, I5, I7, I9, I11, I13, I15"
172,"I2, I3, I5, I7, I9, I11, I13, I16"
173,"I2, I3, I5, I7, I9, I11, I14, I16"
174,"I2, I4, I5, I7, I9, I11, I14, I16"
175,"I2, I4, I5, I7, I9, I11, I14, I16"
176,"I2, I4, I5, I7, I9, I11, I14, I16"
177,"I2, I4, I5, I7, I9, I11, I13, I16"
178,"I2, I4, I5, I7, I9, I11, I14, I16"
179,"I2, I4, I5, I7, I9, I11, I14, I16"
180,"I2, I4, I5, I7, I9, I11, I13, I16"
181,"I2, I4, I5, I7, I9, I11, I13, I16"
182,"I2, I4, I5, I7, I9, I11, I13, I16"
183,"I2, I4, I5, I7, I9, I11, I14, I16"
184,"I2, I4, I5, I7, I9, I11, I14, I16"
185,"I2, I4, I5, I7, I9, I11, I14, I16"
186,"I2, I4, I5, I7, I9, I11, I14, I16"
187,"I2, I4, I5, I7, I9, I11, I14, I16"
188,"I2, I4, I6, I7, I9, I11, I14, I16"
189,"I2, I4, I6, I7, I9, I11, I14, I16"
190,"I2, I4, I5, I7, I9, I11, I13, I16"
191,"I2, I4, I6, I7, I9, I11, I14, I16"
192,"I2, I4, I6, I7, I9, I11, I14, I16"
193,"I2, I4, I6, I7, I9, I11, I14, I16"
194,"I2, I4, I6, I7, I9, I11, I14, I15"
195,"I2, I4, I6, I7, I9, I11, I13, I15"
196,"I1, I4, I5, I7, I9, I11, I14, I16"
197,"I1, I4, I5, I7, I9, I11, I14, I16"
198,"I1, I4, I5, I7, I9, I11, I14, I16"
199,"I1, I4, I5, I7, I9, I11, I14, I16"
200,"I1, I4, I5, I7, I9, I11, I14, I16"
201,"I1, I4, I5, I7, I9, I11, I14, I16"
202,"I1, I4, I5, I8, I9, I11, I14, I16"
203,"I1, I4, I5, I7, I9, I11, I14, I16"
204,"I1, I4, I5, I7, I9, I11, I14, I16"
205,"I1, I4, I5, I7, I9, I11, I14, I16"
206,"I1, I4, I5, I7, I9, I11, I14, I16"
207,"I1, I4, I5, I7, I9, I11, I14, I16"
208,"I1, I4, I5, I7, I9, I11, I14, I16"
209,"I1, I4, I5, I7, I9, I11, I14, I16"
210,"I1, I4, I5, I7, I9, I11, I14, I16"
211,"I1, I4, I5, I7, I9, I11, I14, I16"
212,"I1, I4, I5, I7, I9, I11, I13, I16"
213,"I1, I4, I5, I7, I9, I11, I14, I16"
214,"I1, I4, I5, I7, I9, I11, I14, I16"
215,"I1, I4, I5, I7, I10, I11, I14, I16"
216,"I1, I4, I5, I7, I9, I11, I14, I16"
217,"I1, I4, I5, I7, I9, I11, I14, I16"
218,"I1, I4, I5, I7, I9, I11, I14, I16"
219,"I1, I4, I5, I7, I9, I11, I14, I16"
220,"I1, I4, I5, I7, I9, I11, I14, I16"
221,"I1, I4, I5, I7, I9, I11, I14, I16"
222,"I1, I3, I5, I7, I9, I11, I13, I16"
223,"I1, I3, I5, I7, I9, I11, I14, I16"
224,"I1, I4, I5, I7, I9, I11, I13, I16"
225,"I1, I4, I5, I7, I9, I11, I14, I16"
226,"I1, I4, I5, I7, I9, I11, I14, I16"
227,"I1, I4, I5, I7, I9, I11, I14, I16"
228,"I1, I4, I5, I7, I9, I11, I14, I16"
229,"I1, I4, I5, I7, I9, I11, I14, I16"
230,"I1, I4, I5, I7, I9, I11, I13, I16"
231,"I2, I4, I5, I7, I9, I11, I14, I16"
232,"I2, I4, I5, I8, I9, I11, I13, I16"
233,"I2, I4, I5, I8, I9, I11, I13, I16"
234,"I2, I4, I5, I8, I9, I11, I13, I16"
235,"I1, I4, I5, I8, I9, I11, I13, I16"
236,"I1, I4, I5, I8, I9, I11, I13, I16"
237,"I1, I4, I5, I7, I9, I11, I14, I16"
238,"I1, I4, I5, I7, I9, I11, I14, I16"
239,"I1, I4, I5, I7, I9, I11, I14, I16"
240,"I1, I4, I5, I7, I9, I11, I14, I16"
241,"I1, I4, I5, I7, I9, I11, I14, I16"
242,"I1, I4, I5, I8, I9, I11, I14, I16"
243,"I1, I4, I5, I7, I9, I11, I14, I16"
244,"I1, I4, I5, I8, I9, I11, I13, I16"
245,"I1, I3, I5, I7, I9, I11, I13, I16"
246,"I1, I3, I5, I7, I9, I11, I13, I16"
247,"I1, I4, I5, I7, I9, I11, I14, I16"
248,"I1, I4, I5, I7, I9, I11, I14, I16"
249,"I1, I4, I5, I7, I9, I11, I14, I16"
250,"I1, I4, I5, I7, I9, I11, I14, I16"
251,"I1, I4, I5, I7, I9, I11, I14, I16"
252,"I1, I4, I5, I7, I9, I11, I14, I16"
253,"I1, I4, I5, I7, I9, I11, I14, I16"
254,"I1, I4, I5, I7, I9, I11, I14, I16"
255,"I1, I4, I5, I7, I9, I11, I14, I16"
256,"I2, I4, I5, I7, I9, I11, I14, I16"
257,"I2, I4, I5, I7, I9, I11, I14, I16"
258,"I2, I4, I5, I7, I9, I11, I14, I16"
259,"I2, I4, I5, I7, I9, I11, I13, I16"
260,"I2, I4, I5, I7, I9, I11, I14, I16"
261,"I2, I4, I5, I7, I9, I11, I14, I16"
262,"I2, I4, I5, I7, I9, I11, I13, I16"
263,"I2, I4, I5, I7, I9, I11, I13, I16"
264,"I2, I4, I5, I7, I9, I11, I13, I16"
265,"I1, I4, I5, I7, I9, I11, I13, I16"
266,"I1, I4, I5, I7, I9, I11, I13, I16"
267,"I1, I4, I5, I7, I9, I11, I13, I16"
268,"I1, I4, I5, I7, I9, I11, I13, I16"
269,"I1, I4, I5, I7, I9, I11, I14, I16"
270,"I1, I4, I5, I7, I9, I11, I14, I16"
271,"I1, I4, I5, I7, I9, I11, I14, I16"
272,"I1, I4, I5, I7, I9, I11, I14, I16"
273,"I1, I4, I5, I7, I9, I11, I14, I16"
274,"I1, I4, I5, I7, I9, I11, I13, I16"
275,"I1, I4, I5, I7, I9, I11, I13, I16"
276,"I1, I4, I5, I7, I9, I11, I14, I16"
277,"I1, I4, I5, I7, I9, I11, I14, I16"
