Test Row Number,Actual treat,Predicted treat,Matched Rule Count,Chosen Rule (Format-1),Chosen Rule (Format-2),treat,debt,lopen,lrer,bndvol,gdpgvol,pivol,spreadvol
1,1,0,0,No rule matched -> default predict treat = 0,No rule matched -> default predict treat = 0,1,2,1,1,1,1,2,2
2,1,0,0,No rule matched -> default predict treat = 0,No rule matched -> default predict treat = 0,1,2,1,1,1,1,1,2
3,1,0,0,No rule matched -> default predict treat = 0,No rule matched -> default predict treat = 0,1,2,1,1,1,1,1,2
4,1,1,8,lopen = 2 ∧ lrer = 1 ∧ bndvol = 1 ∧ gdpgvol = 1 => treat = 1 (confidence = 100.00%),lopen [155.9-175.1] ∧ lrer [77.2-110.7) ∧ bndvol [0.0-1.7) ∧ gdpgvol [0.2-4.6) => treat 1 (confidence = 100.00%),1,1,2,1,1,1,2,2
5,1,0,0,No rule matched -> default predict treat = 0,No rule matched -> default predict treat = 0,1,1,1,1,1,1,2,2
6,1,1,8,lopen = 2 ∧ lrer = 1 ∧ bndvol = 1 ∧ gdpgvol = 1 => treat = 1 (confidence = 100.00%),lopen [155.9-175.1] ∧ lrer [77.2-110.7) ∧ bndvol [0.0-1.7) ∧ gdpgvol [0.2-4.6) => treat 1 (confidence = 100.00%),1,1,2,1,1,1,2,2
7,1,0,0,No rule matched -> default predict treat = 0,No rule matched -> default predict treat = 0,1,1,1,1,1,1,1,2
8,1,0,0,No rule matched -> default predict treat = 0,No rule matched -> default predict treat = 0,1,2,1,1,1,1,2,2
9,1,0,0,No rule matched -> default predict treat = 0,No rule matched -> default predict treat = 0,1,1,1,1,1,2,2,2
10,1,0,0,No rule matched -> default predict treat = 0,No rule matched -> default predict treat = 0,1,1,1,1,1,1,1,2
11,1,0,0,No rule matched -> default predict treat = 0,No rule matched -> default predict treat = 0,1,2,1,1,1,1,2,2
12,1,0,0,No rule matched -> default predict treat = 0,No rule matched -> default predict treat = 0,1,2,1,1,1,1,1,2
13,0,0,0,No rule matched -> default predict treat = 0,No rule matched -> default predict treat = 0,0,2,1,1,1,1,2,2
14,1,0,0,No rule matched -> default predict treat = 0,No rule matched -> default predict treat = 0,1,2,1,1,1,1,1,2
15,1,0,0,No rule matched -> default predict treat = 0,No rule matched -> default predict treat = 0,1,2,1,1,1,1,1,2
16,0,0,0,No rule matched -> default predict treat = 0,No rule matched -> default predict treat = 0,0,2,1,1,1,1,1,2
17,0,0,0,No rule matched -> default predict treat = 0,No rule matched -> default predict treat = 0,0,2,1,1,1,1,1,2
18,0,0,0,No rule matched -> default predict treat = 0,No rule matched -> default predict treat = 0,0,2,1,1,1,1,1,2
19,0,0,0,No rule matched -> default predict treat = 0,No rule matched -> default predict treat = 0,0,2,1,1,1,1,2,2
20,1,0,0,No rule matched -> default predict treat = 0,No rule matched -> default predict treat = 0,1,2,1,1,1,1,2,2
21,0,0,0,No rule matched -> default predict treat = 0,No rule matched -> default predict treat = 0,0,1,1,1,1,1,2,2
22,1,1,8,lopen = 2 ∧ lrer = 1 ∧ bndvol = 1 ∧ gdpgvol = 1 => treat = 1 (confidence = 100.00%),lopen [155.9-175.1] ∧ lrer [77.2-110.7) ∧ bndvol [0.0-1.7) ∧ gdpgvol [0.2-4.6) => treat 1 (confidence = 100.00%),1,2,2,1,1,1,1,2
23,1,1,8,lopen = 2 ∧ lrer = 1 ∧ bndvol = 1 ∧ gdpgvol = 1 => treat = 1 (confidence = 100.00%),lopen [155.9-175.1] ∧ lrer [77.2-110.7) ∧ bndvol [0.0-1.7) ∧ gdpgvol [0.2-4.6) => treat 1 (confidence = 100.00%),1,2,2,1,1,1,1,1
24,0,0,0,No rule matched -> default predict treat = 0,No rule matched -> default predict treat = 0,0,2,1,1,1,1,2,2
25,0,0,0,No rule matched -> default predict treat = 0,No rule matched -> default predict treat = 0,0,2,1,1,1,1,2,2
26,0,0,0,No rule matched -> default predict treat = 0,No rule matched -> default predict treat = 0,0,2,1,1,1,1,2,2
27,0,0,0,No rule matched -> default predict treat = 0,No rule matched -> default predict treat = 0,0,1,1,1,1,1,2,2
28,1,0,0,No rule matched -> default predict treat = 0,No rule matched -> default predict treat = 0,1,2,1,1,1,1,2,2
29,0,0,0,No rule matched -> default predict treat = 0,No rule matched -> default predict treat = 0,0,2,1,2,1,1,1,2
30,0,0,0,No rule matched -> default predict treat = 0,No rule matched -> default predict treat = 0,0,2,1,1,1,1,2,2
31,0,0,0,No rule matched -> default predict treat = 0,No rule matched -> default predict treat = 0,0,2,1,1,1,1,1,2
32,0,0,0,No rule matched -> default predict treat = 0,No rule matched -> default predict treat = 0,0,2,1,2,1,1,2,2
