Level,Itemset,Support Count,Is Valid
1,I1,123,Yes
1,I11,276,Yes
1,I13,109,Yes
1,I14,168,Yes
1,I16,272,Yes
1,I2,154,Yes
1,I3,39,Yes
1,I4,238,Yes
1,I5,260,Yes
1,I6,17,Yes
1,I7,269,Yes
1,I9,274,Yes
2,"I1, I11",123,Yes
2,"I1, I13",38,Yes
2,"I1, I14",85,Yes
2,"I1, I16",123,Yes
2,"I1, I4",109,Yes
2,"I1, I5",123,Yes
2,"I1, I7",118,Yes
2,"I1, I9",120,Yes
2,"I11, I13",109,Yes
2,"I11, I14",167,Yes
2,"I11, I16",271,Yes
2,"I11, I2",153,Yes
2,"I11, I3",39,Yes
2,"I11, I4",237,Yes
2,"I11, I5",259,Yes
2,"I11, I6",17,Yes
2,"I11, I7",268,Yes
2,"I11, I9",273,Yes
2,"I13, I16",106,Yes
2,"I13, I2",71,Yes
2,"I13, I3",21,Yes
2,"I13, I4",88,Yes
2,"I13, I5",103,Yes
2,"I13, I7",103,Yes
2,"I13, I9",108,Yes
2,"I14, I16",166,Yes
2,"I14, I2",83,Yes
2,"I14, I3",18,Yes
2,"I14, I4",150,Yes
2,"I14, I5",157,Yes
2,"I14, I7",166,Yes
2,"I14, I9",166,Yes
2,"I16, I2",149,Yes
2,"I16, I3",37,Yes
2,"I16, I4",235,Yes
2,"I16, I5",257,Yes
2,"I16, I7",264,Yes
2,"I16, I9",269,Yes
2,"I2, I3",25,Yes
2,"I2, I4",129,Yes
2,"I2, I5",137,Yes
2,"I2, I6",17,Yes
2,"I2, I7",151,Yes
2,"I2, I9",154,Yes
2,"I3, I5",38,Yes
2,"I3, I7",39,Yes
2,"I3, I9",39,Yes
2,"I4, I5",222,Yes
2,"I4, I7",230,Yes
2,"I4, I9",235,Yes
2,"I5, I7",252,Yes
2,"I5, I9",257,Yes
2,"I6, I7",17,Yes
2,"I6, I9",17,Yes
2,"I7, I9",266,Yes
3,"I1, I11, I13",38,Yes
3,"I1, I11, I14",85,Yes
3,"I1, I11, I16",123,Yes
3,"I1, I11, I4",109,Yes
3,"I1, I11, I5",123,Yes
3,"I1, I11, I7",118,Yes
3,"I1, I11, I9",120,Yes
3,"I1, I13, I16",38,Yes
3,"I1, I13, I4",31,Yes
3,"I1, I13, I5",38,Yes
3,"I1, I13, I7",35,Yes
3,"I1, I13, I9",37,Yes
3,"I1, I14, I16",85,Yes
3,"I1, I14, I4",78,Yes
3,"I1, I14, I5",85,Yes
3,"I1, I14, I7",83,Yes
3,"I1, I14, I9",83,Yes
3,"I1, I16, I4",109,Yes
3,"I1, I16, I5",123,Yes
3,"I1, I16, I7",118,Yes
3,"I1, I16, I9",120,Yes
3,"I1, I4, I5",109,Yes
3,"I1, I4, I7",104,Yes
3,"I1, I4, I9",106,Yes
3,"I1, I5, I7",118,Yes
3,"I1, I5, I9",120,Yes
3,"I1, I7, I9",115,Yes
3,"I11, I13, I16",106,Yes
3,"I11, I13, I2",71,Yes
3,"I11, I13, I3",21,Yes
3,"I11, I13, I4",88,Yes
3,"I11, I13, I5",103,Yes
3,"I11, I13, I7",103,Yes
3,"I11, I13, I9",108,Yes
3,"I11, I14, I16",165,Yes
3,"I11, I14, I2",82,Yes
3,"I11, I14, I3",18,Yes
3,"I11, I14, I4",149,Yes
3,"I11, I14, I5",156,Yes
3,"I11, I14, I7",165,Yes
3,"I11, I14, I9",165,Yes
3,"I11, I16, I2",148,Yes
3,"I11, I16, I3",37,Yes
3,"I11, I16, I4",234,Yes
3,"I11, I16, I5",256,Yes
3,"I11, I16, I7",263,Yes
3,"I11, I16, I9",268,Yes
3,"I11, I2, I3",25,Yes
3,"I11, I2, I4",128,Yes
3,"I11, I2, I5",136,Yes
3,"I11, I2, I6",17,Yes
3,"I11, I2, I7",150,Yes
3,"I11, I2, I9",153,Yes
3,"I11, I3, I5",38,Yes
3,"I11, I3, I7",39,Yes
3,"I11, I3, I9",39,Yes
3,"I11, I4, I5",221,Yes
3,"I11, I4, I7",229,Yes
3,"I11, I4, I9",234,Yes
3,"I11, I5, I7",251,Yes
3,"I11, I5, I9",256,Yes
3,"I11, I6, I7",17,Yes
3,"I11, I6, I9",17,Yes
3,"I11, I7, I9",265,Yes
3,"I13, I16, I2",68,Yes
3,"I13, I16, I3",19,Yes
3,"I13, I16, I4",87,Yes
3,"I13, I16, I5",101,Yes
3,"I13, I16, I7",100,Yes
3,"I13, I16, I9",105,Yes
3,"I13, I2, I4",57,Yes
3,"I13, I2, I5",65,Yes
3,"I13, I2, I7",68,Yes
3,"I13, I2, I9",71,Yes
3,"I13, I3, I5",21,Yes
3,"I13, I3, I7",21,Yes
3,"I13, I3, I9",21,Yes
3,"I13, I4, I5",82,Yes
3,"I13, I4, I7",82,Yes
3,"I13, I4, I9",87,Yes
3,"I13, I5, I7",97,Yes
3,"I13, I5, I9",102,Yes
3,"I13, I7, I9",102,Yes
3,"I14, I16, I2",81,Yes
3,"I14, I16, I3",18,Yes
3,"I14, I16, I4",148,Yes
3,"I14, I16, I5",156,Yes
3,"I14, I16, I7",164,Yes
3,"I14, I16, I9",164,Yes
3,"I14, I2, I4",72,Yes
3,"I14, I2, I5",72,Yes
3,"I14, I2, I7",83,Yes
3,"I14, I2, I9",83,Yes
3,"I14, I3, I5",17,Yes
3,"I14, I3, I7",18,Yes
3,"I14, I3, I9",18,Yes
3,"I14, I4, I5",140,Yes
3,"I14, I4, I7",148,Yes
3,"I14, I4, I9",148,Yes
3,"I14, I5, I7",155,Yes
3,"I14, I5, I9",155,Yes
3,"I14, I7, I9",164,Yes
3,"I16, I2, I3",23,Yes
3,"I16, I2, I4",126,Yes
3,"I16, I2, I5",134,Yes
3,"I16, I2, I7",146,Yes
3,"I16, I2, I9",149,Yes
3,"I16, I3, I5",36,Yes
3,"I16, I3, I7",37,Yes
3,"I16, I3, I9",37,Yes
3,"I16, I4, I5",221,Yes
3,"I16, I4, I7",227,Yes
3,"I16, I4, I9",232,Yes
3,"I16, I5, I7",249,Yes
3,"I16, I5, I9",254,Yes
3,"I16, I7, I9",261,Yes
3,"I2, I3, I5",24,Yes
3,"I2, I3, I7",25,Yes
3,"I2, I3, I9",25,Yes
3,"I2, I4, I5",113,Yes
3,"I2, I4, I7",126,Yes
3,"I2, I4, I9",129,Yes
3,"I2, I5, I7",134,Yes
3,"I2, I5, I9",137,Yes
3,"I2, I6, I7",17,Yes
3,"I2, I6, I9",17,Yes
3,"I2, I7, I9",151,Yes
3,"I3, I5, I7",38,Yes
3,"I3, I5, I9",38,Yes
3,"I3, I7, I9",39,Yes
3,"I4, I5, I7",214,Yes
3,"I4, I5, I9",219,Yes
3,"I4, I7, I9",227,Yes
3,"I5, I7, I9",249,Yes
3,"I6, I7, I9",17,Yes
4,"I1, I11, I13, I16",38,Yes
4,"I1, I11, I13, I4",31,Yes
4,"I1, I11, I13, I5",38,Yes
4,"I1, I11, I13, I7",35,Yes
4,"I1, I11, I13, I9",37,Yes
4,"I1, I11, I14, I16",85,Yes
4,"I1, I11, I14, I4",78,Yes
4,"I1, I11, I14, I5",85,Yes
4,"I1, I11, I14, I7",83,Yes
4,"I1, I11, I14, I9",83,Yes
4,"I1, I11, I16, I4",109,Yes
4,"I1, I11, I16, I5",123,Yes
4,"I1, I11, I16, I7",118,Yes
4,"I1, I11, I16, I9",120,Yes
4,"I1, I11, I4, I5",109,Yes
4,"I1, I11, I4, I7",104,Yes
4,"I1, I11, I4, I9",106,Yes
4,"I1, I11, I5, I7",118,Yes
4,"I1, I11, I5, I9",120,Yes
4,"I1, I11, I7, I9",115,Yes
4,"I1, I13, I16, I4",31,Yes
4,"I1, I13, I16, I5",38,Yes
4,"I1, I13, I16, I7",35,Yes
4,"I1, I13, I16, I9",37,Yes
4,"I1, I13, I4, I5",31,Yes
4,"I1, I13, I4, I7",28,Yes
4,"I1, I13, I4, I9",30,Yes
4,"I1, I13, I5, I7",35,Yes
4,"I1, I13, I5, I9",37,Yes
4,"I1, I13, I7, I9",34,Yes
4,"I1, I14, I16, I4",78,Yes
4,"I1, I14, I16, I5",85,Yes
4,"I1, I14, I16, I7",83,Yes
4,"I1, I14, I16, I9",83,Yes
4,"I1, I14, I4, I5",78,Yes
4,"I1, I14, I4, I7",76,Yes
4,"I1, I14, I4, I9",76,Yes
4,"I1, I14, I5, I7",83,Yes
4,"I1, I14, I5, I9",83,Yes
4,"I1, I14, I7, I9",81,Yes
4,"I1, I16, I4, I5",109,Yes
4,"I1, I16, I4, I7",104,Yes
4,"I1, I16, I4, I9",106,Yes
4,"I1, I16, I5, I7",118,Yes
4,"I1, I16, I5, I9",120,Yes
4,"I1, I16, I7, I9",115,Yes
4,"I1, I4, I5, I7",104,Yes
4,"I1, I4, I5, I9",106,Yes
4,"I1, I4, I7, I9",101,Yes
4,"I1, I5, I7, I9",115,Yes
4,"I11, I13, I16, I2",68,Yes
4,"I11, I13, I16, I3",19,Yes
4,"I11, I13, I16, I4",87,Yes
4,"I11, I13, I16, I5",101,Yes
4,"I11, I13, I16, I7",100,Yes
4,"I11, I13, I16, I9",105,Yes
4,"I11, I13, I2, I4",57,Yes
4,"I11, I13, I2, I5",65,Yes
4,"I11, I13, I2, I7",68,Yes
4,"I11, I13, I2, I9",71,Yes
4,"I11, I13, I3, I5",21,Yes
4,"I11, I13, I3, I7",21,Yes
4,"I11, I13, I3, I9",21,Yes
4,"I11, I13, I4, I5",82,Yes
4,"I11, I13, I4, I7",82,Yes
4,"I11, I13, I4, I9",87,Yes
4,"I11, I13, I5, I7",97,Yes
4,"I11, I13, I5, I9",102,Yes
4,"I11, I13, I7, I9",102,Yes
4,"I11, I14, I16, I2",80,Yes
4,"I11, I14, I16, I3",18,Yes
4,"I11, I14, I16, I4",147,Yes
4,"I11, I14, I16, I5",155,Yes
4,"I11, I14, I16, I7",163,Yes
4,"I11, I14, I16, I9",163,Yes
4,"I11, I14, I2, I4",71,Yes
4,"I11, I14, I2, I5",71,Yes
4,"I11, I14, I2, I7",82,Yes
4,"I11, I14, I2, I9",82,Yes
4,"I11, I14, I3, I5",17,Yes
4,"I11, I14, I3, I7",18,Yes
4,"I11, I14, I3, I9",18,Yes
4,"I11, I14, I4, I5",139,Yes
4,"I11, I14, I4, I7",147,Yes
4,"I11, I14, I4, I9",147,Yes
4,"I11, I14, I5, I7",154,Yes
4,"I11, I14, I5, I9",154,Yes
4,"I11, I14, I7, I9",163,Yes
4,"I11, I16, I2, I3",23,Yes
4,"I11, I16, I2, I4",125,Yes
4,"I11, I16, I2, I5",133,Yes
4,"I11, I16, I2, I7",145,Yes
4,"I11, I16, I2, I9",148,Yes
4,"I11, I16, I3, I5",36,Yes
4,"I11, I16, I3, I7",37,Yes
4,"I11, I16, I3, I9",37,Yes
4,"I11, I16, I4, I5",220,Yes
4,"I11, I16, I4, I7",226,Yes
4,"I11, I16, I4, I9",231,Yes
4,"I11, I16, I5, I7",248,Yes
4,"I11, I16, I5, I9",253,Yes
4,"I11, I16, I7, I9",260,Yes
4,"I11, I2, I3, I5",24,Yes
4,"I11, I2, I3, I7",25,Yes
4,"I11, I2, I3, I9",25,Yes
4,"I11, I2, I4, I5",112,Yes
4,"I11, I2, I4, I7",125,Yes
4,"I11, I2, I4, I9",128,Yes
4,"I11, I2, I5, I7",133,Yes
4,"I11, I2, I5, I9",136,Yes
4,"I11, I2, I6, I7",17,Yes
4,"I11, I2, I6, I9",17,Yes
4,"I11, I2, I7, I9",150,Yes
4,"I11, I3, I5, I7",38,Yes
4,"I11, I3, I5, I9",38,Yes
4,"I11, I3, I7, I9",39,Yes
4,"I11, I4, I5, I7",213,Yes
4,"I11, I4, I5, I9",218,Yes
4,"I11, I4, I7, I9",226,Yes
4,"I11, I5, I7, I9",248,Yes
4,"I11, I6, I7, I9",17,Yes
4,"I13, I16, I2, I4",56,Yes
4,"I13, I16, I2, I5",63,Yes
4,"I13, I16, I2, I7",65,Yes
4,"I13, I16, I2, I9",68,Yes
4,"I13, I16, I3, I5",19,Yes
4,"I13, I16, I3, I7",19,Yes
4,"I13, I16, I3, I9",19,Yes
4,"I13, I16, I4, I5",82,Yes
4,"I13, I16, I4, I7",81,Yes
4,"I13, I16, I4, I9",86,Yes
4,"I13, I16, I5, I7",95,Yes
4,"I13, I16, I5, I9",100,Yes
4,"I13, I16, I7, I9",99,Yes
4,"I13, I2, I4, I5",51,Yes
4,"I13, I2, I4, I7",54,Yes
4,"I13, I2, I4, I9",57,Yes
4,"I13, I2, I5, I7",62,Yes
4,"I13, I2, I5, I9",65,Yes
4,"I13, I2, I7, I9",68,Yes
4,"I13, I3, I5, I7",21,Yes
4,"I13, I3, I5, I9",21,Yes
4,"I13, I3, I7, I9",21,Yes
4,"I13, I4, I5, I7",76,Yes
4,"I13, I4, I5, I9",81,Yes
4,"I13, I4, I7, I9",81,Yes
4,"I13, I5, I7, I9",96,Yes
4,"I14, I16, I2, I4",70,Yes
4,"I14, I16, I2, I5",71,Yes
4,"I14, I16, I2, I7",81,Yes
4,"I14, I16, I2, I9",81,Yes
4,"I14, I16, I3, I5",17,Yes
4,"I14, I16, I3, I7",18,Yes
4,"I14, I16, I3, I9",18,Yes
4,"I14, I16, I4, I5",139,Yes
4,"I14, I16, I4, I7",146,Yes
4,"I14, I16, I4, I9",146,Yes
4,"I14, I16, I5, I7",154,Yes
4,"I14, I16, I5, I9",154,Yes
4,"I14, I16, I7, I9",162,Yes
4,"I14, I2, I4, I5",62,Yes
4,"I14, I2, I4, I7",72,Yes
4,"I14, I2, I4, I9",72,Yes
4,"I14, I2, I5, I7",72,Yes
4,"I14, I2, I5, I9",72,Yes
4,"I14, I2, I7, I9",83,Yes
4,"I14, I3, I5, I7",17,Yes
4,"I14, I3, I5, I9",17,Yes
4,"I14, I3, I7, I9",18,Yes
4,"I14, I4, I5, I7",138,Yes
4,"I14, I4, I5, I9",138,Yes
4,"I14, I4, I7, I9",146,Yes
4,"I14, I5, I7, I9",153,Yes
4,"I16, I2, I3, I5",22,Yes
4,"I16, I2, I3, I7",23,Yes
4,"I16, I2, I3, I9",23,Yes
4,"I16, I2, I4, I5",112,Yes
4,"I16, I2, I4, I7",123,Yes
4,"I16, I2, I4, I9",126,Yes
4,"I16, I2, I5, I7",131,Yes
4,"I16, I2, I5, I9",134,Yes
4,"I16, I2, I7, I9",146,Yes
4,"I16, I3, I5, I7",36,Yes
4,"I16, I3, I5, I9",36,Yes
4,"I16, I3, I7, I9",37,Yes
4,"I16, I4, I5, I7",213,Yes
4,"I16, I4, I5, I9",218,Yes
4,"I16, I4, I7, I9",224,Yes
4,"I16, I5, I7, I9",246,Yes
4,"I2, I3, I5, I7",24,Yes
4,"I2, I3, I5, I9",24,Yes
4,"I2, I3, I7, I9",25,Yes
4,"I2, I4, I5, I7",110,Yes
4,"I2, I4, I5, I9",113,Yes
4,"I2, I4, I7, I9",126,Yes
4,"I2, I5, I7, I9",134,Yes
4,"I2, I6, I7, I9",17,Yes
4,"I3, I5, I7, I9",38,Yes
4,"I4, I5, I7, I9",211,Yes
5,"I1, I11, I13, I16, I4",31,Yes
5,"I1, I11, I13, I16, I5",38,Yes
5,"I1, I11, I13, I16, I7",35,Yes
5,"I1, I11, I13, I16, I9",37,Yes
5,"I1, I11, I13, I4, I5",31,Yes
5,"I1, I11, I13, I4, I7",28,Yes
5,"I1, I11, I13, I4, I9",30,Yes
5,"I1, I11, I13, I5, I7",35,Yes
5,"I1, I11, I13, I5, I9",37,Yes
5,"I1, I11, I13, I7, I9",34,Yes
5,"I1, I11, I14, I16, I4",78,Yes
5,"I1, I11, I14, I16, I5",85,Yes
5,"I1, I11, I14, I16, I7",83,Yes
5,"I1, I11, I14, I16, I9",83,Yes
5,"I1, I11, I14, I4, I5",78,Yes
5,"I1, I11, I14, I4, I7",76,Yes
5,"I1, I11, I14, I4, I9",76,Yes
5,"I1, I11, I14, I5, I7",83,Yes
5,"I1, I11, I14, I5, I9",83,Yes
5,"I1, I11, I14, I7, I9",81,Yes
5,"I1, I11, I16, I4, I5",109,Yes
5,"I1, I11, I16, I4, I7",104,Yes
5,"I1, I11, I16, I4, I9",106,Yes
5,"I1, I11, I16, I5, I7",118,Yes
5,"I1, I11, I16, I5, I9",120,Yes
5,"I1, I11, I16, I7, I9",115,Yes
5,"I1, I11, I4, I5, I7",104,Yes
5,"I1, I11, I4, I5, I9",106,Yes
5,"I1, I11, I4, I7, I9",101,Yes
5,"I1, I11, I5, I7, I9",115,Yes
5,"I1, I13, I16, I4, I5",31,Yes
5,"I1, I13, I16, I4, I7",28,Yes
5,"I1, I13, I16, I4, I9",30,Yes
5,"I1, I13, I16, I5, I7",35,Yes
5,"I1, I13, I16, I5, I9",37,Yes
5,"I1, I13, I16, I7, I9",34,Yes
5,"I1, I13, I4, I5, I7",28,Yes
5,"I1, I13, I4, I5, I9",30,Yes
5,"I1, I13, I4, I7, I9",27,Yes
5,"I1, I13, I5, I7, I9",34,Yes
5,"I1, I14, I16, I4, I5",78,Yes
5,"I1, I14, I16, I4, I7",76,Yes
5,"I1, I14, I16, I4, I9",76,Yes
5,"I1, I14, I16, I5, I7",83,Yes
5,"I1, I14, I16, I5, I9",83,Yes
5,"I1, I14, I16, I7, I9",81,Yes
5,"I1, I14, I4, I5, I7",76,Yes
5,"I1, I14, I4, I5, I9",76,Yes
5,"I1, I14, I4, I7, I9",74,Yes
5,"I1, I14, I5, I7, I9",81,Yes
5,"I1, I16, I4, I5, I7",104,Yes
5,"I1, I16, I4, I5, I9",106,Yes
5,"I1, I16, I4, I7, I9",101,Yes
5,"I1, I16, I5, I7, I9",115,Yes
5,"I1, I4, I5, I7, I9",101,Yes
5,"I11, I13, I16, I2, I4",56,Yes
5,"I11, I13, I16, I2, I5",63,Yes
5,"I11, I13, I16, I2, I7",65,Yes
5,"I11, I13, I16, I2, I9",68,Yes
5,"I11, I13, I16, I3, I5",19,Yes
5,"I11, I13, I16, I3, I7",19,Yes
5,"I11, I13, I16, I3, I9",19,Yes
5,"I11, I13, I16, I4, I5",82,Yes
5,"I11, I13, I16, I4, I7",81,Yes
5,"I11, I13, I16, I4, I9",86,Yes
5,"I11, I13, I16, I5, I7",95,Yes
5,"I11, I13, I16, I5, I9",100,Yes
5,"I11, I13, I16, I7, I9",99,Yes
5,"I11, I13, I2, I4, I5",51,Yes
5,"I11, I13, I2, I4, I7",54,Yes
5,"I11, I13, I2, I4, I9",57,Yes
5,"I11, I13, I2, I5, I7",62,Yes
5,"I11, I13, I2, I5, I9",65,Yes
5,"I11, I13, I2, I7, I9",68,Yes
5,"I11, I13, I3, I5, I7",21,Yes
5,"I11, I13, I3, I5, I9",21,Yes
5,"I11, I13, I3, I7, I9",21,Yes
5,"I11, I13, I4, I5, I7",76,Yes
5,"I11, I13, I4, I5, I9",81,Yes
5,"I11, I13, I4, I7, I9",81,Yes
5,"I11, I13, I5, I7, I9",96,Yes
5,"I11, I14, I16, I2, I4",69,Yes
5,"I11, I14, I16, I2, I5",70,Yes
5,"I11, I14, I16, I2, I7",80,Yes
5,"I11, I14, I16, I2, I9",80,Yes
5,"I11, I14, I16, I3, I5",17,Yes
5,"I11, I14, I16, I3, I7",18,Yes
5,"I11, I14, I16, I3, I9",18,Yes
5,"I11, I14, I16, I4, I5",138,Yes
5,"I11, I14, I16, I4, I7",145,Yes
5,"I11, I14, I16, I4, I9",145,Yes
5,"I11, I14, I16, I5, I7",153,Yes
5,"I11, I14, I16, I5, I9",153,Yes
5,"I11, I14, I16, I7, I9",161,Yes
5,"I11, I14, I2, I4, I5",61,Yes
5,"I11, I14, I2, I4, I7",71,Yes
5,"I11, I14, I2, I4, I9",71,Yes
5,"I11, I14, I2, I5, I7",71,Yes
5,"I11, I14, I2, I5, I9",71,Yes
5,"I11, I14, I2, I7, I9",82,Yes
5,"I11, I14, I3, I5, I7",17,Yes
5,"I11, I14, I3, I5, I9",17,Yes
5,"I11, I14, I3, I7, I9",18,Yes
5,"I11, I14, I4, I5, I7",137,Yes
5,"I11, I14, I4, I5, I9",137,Yes
5,"I11, I14, I4, I7, I9",145,Yes
5,"I11, I14, I5, I7, I9",152,Yes
5,"I11, I16, I2, I3, I5",22,Yes
5,"I11, I16, I2, I3, I7",23,Yes
5,"I11, I16, I2, I3, I9",23,Yes
5,"I11, I16, I2, I4, I5",111,Yes
5,"I11, I16, I2, I4, I7",122,Yes
5,"I11, I16, I2, I4, I9",125,Yes
5,"I11, I16, I2, I5, I7",130,Yes
5,"I11, I16, I2, I5, I9",133,Yes
5,"I11, I16, I2, I7, I9",145,Yes
5,"I11, I16, I3, I5, I7",36,Yes
5,"I11, I16, I3, I5, I9",36,Yes
5,"I11, I16, I3, I7, I9",37,Yes
5,"I11, I16, I4, I5, I7",212,Yes
5,"I11, I16, I4, I5, I9",217,Yes
5,"I11, I16, I4, I7, I9",223,Yes
5,"I11, I16, I5, I7, I9",245,Yes
5,"I11, I2, I3, I5, I7",24,Yes
5,"I11, I2, I3, I5, I9",24,Yes
5,"I11, I2, I3, I7, I9",25,Yes
5,"I11, I2, I4, I5, I7",109,Yes
5,"I11, I2, I4, I5, I9",112,Yes
5,"I11, I2, I4, I7, I9",125,Yes
5,"I11, I2, I5, I7, I9",133,Yes
5,"I11, I2, I6, I7, I9",17,Yes
5,"I11, I3, I5, I7, I9",38,Yes
5,"I11, I4, I5, I7, I9",210,Yes
5,"I13, I16, I2, I4, I5",51,Yes
5,"I13, I16, I2, I4, I7",53,Yes
5,"I13, I16, I2, I4, I9",56,Yes
5,"I13, I16, I2, I5, I7",60,Yes
5,"I13, I16, I2, I5, I9",63,Yes
5,"I13, I16, I2, I7, I9",65,Yes
5,"I13, I16, I3, I5, I7",19,Yes
5,"I13, I16, I3, I5, I9",19,Yes
5,"I13, I16, I3, I7, I9",19,Yes
5,"I13, I16, I4, I5, I7",76,Yes
5,"I13, I16, I4, I5, I9",81,Yes
5,"I13, I16, I4, I7, I9",80,Yes
5,"I13, I16, I5, I7, I9",94,Yes
5,"I13, I2, I4, I5, I7",48,Yes
5,"I13, I2, I4, I5, I9",51,Yes
5,"I13, I2, I4, I7, I9",54,Yes
5,"I13, I2, I5, I7, I9",62,Yes
5,"I13, I3, I5, I7, I9",21,Yes
5,"I13, I4, I5, I7, I9",75,Yes
5,"I14, I16, I2, I4, I5",61,Yes
5,"I14, I16, I2, I4, I7",70,Yes
5,"I14, I16, I2, I4, I9",70,Yes
5,"I14, I16, I2, I5, I7",71,Yes
5,"I14, I16, I2, I5, I9",71,Yes
5,"I14, I16, I2, I7, I9",81,Yes
5,"I14, I16, I3, I5, I7",17,Yes
5,"I14, I16, I3, I5, I9",17,Yes
5,"I14, I16, I3, I7, I9",18,Yes
5,"I14, I16, I4, I5, I7",137,Yes
5,"I14, I16, I4, I5, I9",137,Yes
5,"I14, I16, I4, I7, I9",144,Yes
5,"I14, I16, I5, I7, I9",152,Yes
5,"I14, I2, I4, I5, I7",62,Yes
5,"I14, I2, I4, I5, I9",62,Yes
5,"I14, I2, I4, I7, I9",72,Yes
5,"I14, I2, I5, I7, I9",72,Yes
5,"I14, I3, I5, I7, I9",17,Yes
5,"I14, I4, I5, I7, I9",136,Yes
5,"I16, I2, I3, I5, I7",22,Yes
5,"I16, I2, I3, I5, I9",22,Yes
5,"I16, I2, I3, I7, I9",23,Yes
5,"I16, I2, I4, I5, I7",109,Yes
5,"I16, I2, I4, I5, I9",112,Yes
5,"I16, I2, I4, I7, I9",123,Yes
5,"I16, I2, I5, I7, I9",131,Yes
5,"I16, I3, I5, I7, I9",36,Yes
5,"I16, I4, I5, I7, I9",210,Yes
5,"I2, I3, I5, I7, I9",24,Yes
5,"I2, I4, I5, I7, I9",110,Yes
6,"I1, I11, I13, I16, I4, I5",31,Yes
6,"I1, I11, I13, I16, I4, I7",28,Yes
6,"I1, I11, I13, I16, I4, I9",30,Yes
6,"I1, I11, I13, I16, I5, I7",35,Yes
6,"I1, I11, I13, I16, I5, I9",37,Yes
6,"I1, I11, I13, I16, I7, I9",34,Yes
6,"I1, I11, I13, I4, I5, I7",28,Yes
6,"I1, I11, I13, I4, I5, I9",30,Yes
6,"I1, I11, I13, I4, I7, I9",27,Yes
6,"I1, I11, I13, I5, I7, I9",34,Yes
6,"I1, I11, I14, I16, I4, I5",78,Yes
6,"I1, I11, I14, I16, I4, I7",76,Yes
6,"I1, I11, I14, I16, I4, I9",76,Yes
6,"I1, I11, I14, I16, I5, I7",83,Yes
6,"I1, I11, I14, I16, I5, I9",83,Yes
6,"I1, I11, I14, I16, I7, I9",81,Yes
6,"I1, I11, I14, I4, I5, I7",76,Yes
6,"I1, I11, I14, I4, I5, I9",76,Yes
6,"I1, I11, I14, I4, I7, I9",74,Yes
6,"I1, I11, I14, I5, I7, I9",81,Yes
6,"I1, I11, I16, I4, I5, I7",104,Yes
6,"I1, I11, I16, I4, I5, I9",106,Yes
6,"I1, I11, I16, I4, I7, I9",101,Yes
6,"I1, I11, I16, I5, I7, I9",115,Yes
6,"I1, I11, I4, I5, I7, I9",101,Yes
6,"I1, I13, I16, I4, I5, I7",28,Yes
6,"I1, I13, I16, I4, I5, I9",30,Yes
6,"I1, I13, I16, I4, I7, I9",27,Yes
6,"I1, I13, I16, I5, I7, I9",34,Yes
6,"I1, I13, I4, I5, I7, I9",27,Yes
6,"I1, I14, I16, I4, I5, I7",76,Yes
6,"I1, I14, I16, I4, I5, I9",76,Yes
6,"I1, I14, I16, I4, I7, I9",74,Yes
6,"I1, I14, I16, I5, I7, I9",81,Yes
6,"I1, I14, I4, I5, I7, I9",74,Yes
6,"I1, I16, I4, I5, I7, I9",101,Yes
6,"I11, I13, I16, I2, I4, I5",51,Yes
6,"I11, I13, I16, I2, I4, I7",53,Yes
6,"I11, I13, I16, I2, I4, I9",56,Yes
6,"I11, I13, I16, I2, I5, I7",60,Yes
6,"I11, I13, I16, I2, I5, I9",63,Yes
6,"I11, I13, I16, I2, I7, I9",65,Yes
6,"I11, I13, I16, I3, I5, I7",19,Yes
6,"I11, I13, I16, I3, I5, I9",19,Yes
6,"I11, I13, I16, I3, I7, I9",19,Yes
6,"I11, I13, I16, I4, I5, I7",76,Yes
6,"I11, I13, I16, I4, I5, I9",81,Yes
6,"I11, I13, I16, I4, I7, I9",80,Yes
6,"I11, I13, I16, I5, I7, I9",94,Yes
6,"I11, I13, I2, I4, I5, I7",48,Yes
6,"I11, I13, I2, I4, I5, I9",51,Yes
6,"I11, I13, I2, I4, I7, I9",54,Yes
6,"I11, I13, I2, I5, I7, I9",62,Yes
6,"I11, I13, I3, I5, I7, I9",21,Yes
6,"I11, I13, I4, I5, I7, I9",75,Yes
6,"I11, I14, I16, I2, I4, I5",60,Yes
6,"I11, I14, I16, I2, I4, I7",69,Yes
6,"I11, I14, I16, I2, I4, I9",69,Yes
6,"I11, I14, I16, I2, I5, I7",70,Yes
6,"I11, I14, I16, I2, I5, I9",70,Yes
6,"I11, I14, I16, I2, I7, I9",80,Yes
6,"I11, I14, I16, I3, I5, I7",17,Yes
6,"I11, I14, I16, I3, I5, I9",17,Yes
6,"I11, I14, I16, I3, I7, I9",18,Yes
6,"I11, I14, I16, I4, I5, I7",136,Yes
6,"I11, I14, I16, I4, I5, I9",136,Yes
6,"I11, I14, I16, I4, I7, I9",143,Yes
6,"I11, I14, I16, I5, I7, I9",151,Yes
6,"I11, I14, I2, I4, I5, I7",61,Yes
6,"I11, I14, I2, I4, I5, I9",61,Yes
6,"I11, I14, I2, I4, I7, I9",71,Yes
6,"I11, I14, I2, I5, I7, I9",71,Yes
6,"I11, I14, I3, I5, I7, I9",17,Yes
6,"I11, I14, I4, I5, I7, I9",135,Yes
6,"I11, I16, I2, I3, I5, I7",22,Yes
6,"I11, I16, I2, I3, I5, I9",22,Yes
6,"I11, I16, I2, I3, I7, I9",23,Yes
6,"I11, I16, I2, I4, I5, I7",108,Yes
6,"I11, I16, I2, I4, I5, I9",111,Yes
6,"I11, I16, I2, I4, I7, I9",122,Yes
6,"I11, I16, I2, I5, I7, I9",130,Yes
6,"I11, I16, I3, I5, I7, I9",36,Yes
6,"I11, I16, I4, I5, I7, I9",209,Yes
6,"I11, I2, I3, I5, I7, I9",24,Yes
6,"I11, I2, I4, I5, I7, I9",109,Yes
6,"I13, I16, I2, I4, I5, I7",48,Yes
6,"I13, I16, I2, I4, I5, I9",51,Yes
6,"I13, I16, I2, I4, I7, I9",53,Yes
6,"I13, I16, I2, I5, I7, I9",60,Yes
6,"I13, I16, I3, I5, I7, I9",19,Yes
6,"I13, I16, I4, I5, I7, I9",75,Yes
6,"I13, I2, I4, I5, I7, I9",48,Yes
6,"I14, I16, I2, I4, I5, I7",61,Yes
6,"I14, I16, I2, I4, I5, I9",61,Yes
6,"I14, I16, I2, I4, I7, I9",70,Yes
6,"I14, I16, I2, I5, I7, I9",71,Yes
6,"I14, I16, I3, I5, I7, I9",17,Yes
6,"I14, I16, I4, I5, I7, I9",135,Yes
6,"I14, I2, I4, I5, I7, I9",62,Yes
6,"I16, I2, I3, I5, I7, I9",22,Yes
6,"I16, I2, I4, I5, I7, I9",109,Yes
7,"I1, I11, I13, I16, I4, I5, I7",28,Yes
7,"I1, I11, I13, I16, I4, I5, I9",30,Yes
7,"I1, I11, I13, I16, I4, I7, I9",27,Yes
7,"I1, I11, I13, I16, I5, I7, I9",34,Yes
7,"I1, I11, I13, I4, I5, I7, I9",27,Yes
7,"I1, I11, I14, I16, I4, I5, I7",76,Yes
7,"I1, I11, I14, I16, I4, I5, I9",76,Yes
7,"I1, I11, I14, I16, I4, I7, I9",74,Yes
7,"I1, I11, I14, I16, I5, I7, I9",81,Yes
7,"I1, I11, I14, I4, I5, I7, I9",74,Yes
7,"I1, I11, I16, I4, I5, I7, I9",101,Yes
7,"I1, I13, I16, I4, I5, I7, I9",27,Yes
7,"I1, I14, I16, I4, I5, I7, I9",74,Yes
7,"I11, I13, I16, I2, I4, I5, I7",48,Yes
7,"I11, I13, I16, I2, I4, I5, I9",51,Yes
7,"I11, I13, I16, I2, I4, I7, I9",53,Yes
7,"I11, I13, I16, I2, I5, I7, I9",60,Yes
7,"I11, I13, I16, I3, I5, I7, I9",19,Yes
7,"I11, I13, I16, I4, I5, I7, I9",75,Yes
7,"I11, I13, I2, I4, I5, I7, I9",48,Yes
7,"I11, I14, I16, I2, I4, I5, I7",60,Yes
7,"I11, I14, I16, I2, I4, I5, I9",60,Yes
7,"I11, I14, I16, I2, I4, I7, I9",69,Yes
7,"I11, I14, I16, I2, I5, I7, I9",70,Yes
7,"I11, I14, I16, I3, I5, I7, I9",17,Yes
7,"I11, I14, I16, I4, I5, I7, I9",134,Yes
7,"I11, I14, I2, I4, I5, I7, I9",61,Yes
7,"I11, I16, I2, I3, I5, I7, I9",22,Yes
7,"I11, I16, I2, I4, I5, I7, I9",108,Yes
7,"I13, I16, I2, I4, I5, I7, I9",48,Yes
7,"I14, I16, I2, I4, I5, I7, I9",61,Yes
8,"I1, I11, I13, I16, I4, I5, I7, I9",27,Yes
8,"I1, I11, I14, I16, I4, I5, I7, I9",74,Yes
8,"I11, I13, I16, I2, I4, I5, I7, I9",48,Yes
8,"I11, I14, I16, I2, I4, I5, I7, I9",60,Yes
